MailUser2000-group125,companyname123,3006,1002
MailUser2001-group125,companyname123,3007,1002
MailUser2002-group125,companyname123,3008,1002
MailUser2003-group125,companyname123,3009,1002
MailUser2004-group125,companyname123,3010,1002
MailUser2005-group125,companyname123,3011,1002
MailUser2006-group125,companyname123,3012,1002
MailUser2007-group125,companyname123,3013,1002
MailUser2008-group125,companyname123,3014,1002
MailUser2009-group125,companyname123,3015,1002
MailUser2010-group125,companyname123,3016,1002
MailUser2011-group125,companyname123,3017,1002
MailUser2012-group125,companyname123,3018,1002
MailUser2013-group125,companyname123,3019,1002
MailUser2014-group125,companyname123,3020,1002
MailUser2015-group125,companyname123,3021,1002
MailUser2016-group126,companyname123,3022,1002
MailUser2017-group126,companyname123,3023,1002
MailUser2018-group126,companyname123,3024,1002
MailUser2019-group126,companyname123,3025,1002
MailUser2020-group126,companyname123,3026,1002
MailUser2021-group126,companyname123,3027,1002
MailUser2022-group126,companyname123,3028,1002
MailUser2023-group126,companyname123,3029,1002
MailUser2024-group126,companyname123,3030,1002
MailUser2025-group126,companyname123,3031,1002
MailUser2026-group126,companyname123,3032,1002
MailUser2027-group126,companyname123,3033,1002
MailUser2028-group126,companyname123,3034,1002
MailUser2029-group126,companyname123,3035,1002
MailUser2030-group126,companyname123,3036,1002
MailUser2031-group126,companyname123,3037,1002
MailUser2032-group127,companyname123,3038,1002
MailUser2033-group127,companyname123,3039,1002
MailUser2034-group127,companyname123,3040,1002
MailUser2035-group127,companyname123,3041,1002
MailUser2036-group127,companyname123,3042,1002
MailUser2037-group127,companyname123,3043,1002
MailUser2038-group127,companyname123,3044,1002
MailUser2039-group127,companyname123,3045,1002
MailUser2040-group127,companyname123,3046,1002
MailUser2041-group127,companyname123,3047,1002
MailUser2042-group127,companyname123,3048,1002
MailUser2043-group127,companyname123,3049,1002
MailUser2044-group127,companyname123,3050,1002
MailUser2045-group127,companyname123,3051,1002
MailUser2046-group127,companyname123,3052,1002
MailUser2047-group127,companyname123,3053,1002
MailUser2048-group128,companyname123,3054,1002
MailUser2049-group128,companyname123,3055,1002
MailUser2050-group128,companyname123,3056,1002
MailUser2051-group128,companyname123,3057,1002
MailUser2052-group128,companyname123,3058,1002
MailUser2053-group128,companyname123,3059,1002
MailUser2054-group128,companyname123,3060,1002
MailUser2055-group128,companyname123,3061,1002
MailUser2056-group128,companyname123,3062,1002
MailUser2057-group128,companyname123,3063,1002
MailUser2058-group128,companyname123,3064,1002
MailUser2059-group128,companyname123,3065,1002
MailUser2060-group128,companyname123,3066,1002
MailUser2061-group128,companyname123,3067,1002
MailUser2062-group128,companyname123,3068,1002
MailUser2063-group128,companyname123,3069,1002
MailUser2064-group129,companyname123,3070,1002
MailUser2065-group129,companyname123,3071,1002
MailUser2066-group129,companyname123,3072,1002
MailUser2067-group129,companyname123,3073,1002
MailUser2068-group129,companyname123,3074,1002
MailUser2069-group129,companyname123,3075,1002
MailUser2070-group129,companyname123,3076,1002
MailUser2071-group129,companyname123,3077,1002
MailUser2072-group129,companyname123,3078,1002
MailUser2073-group129,companyname123,3079,1002
MailUser2074-group129,companyname123,3080,1002
MailUser2075-group129,companyname123,3081,1002
MailUser2076-group129,companyname123,3082,1002
MailUser2077-group129,companyname123,3083,1002
MailUser2078-group129,companyname123,3084,1002
MailUser2079-group129,companyname123,3085,1002
MailUser2080-group130,companyname123,3086,1003
MailUser2081-group130,companyname123,3087,1003
MailUser2082-group130,companyname123,3088,1003
MailUser2083-group130,companyname123,3089,1003
MailUser2084-group130,companyname123,3090,1003
MailUser2085-group130,companyname123,3091,1003
MailUser2086-group130,companyname123,3092,1003
MailUser2087-group130,companyname123,3093,1003
MailUser2088-group130,companyname123,3094,1003
MailUser2089-group130,companyname123,3095,1003
MailUser2090-group130,companyname123,3096,1003
MailUser2091-group130,companyname123,3097,1003
MailUser2092-group130,companyname123,3098,1003
MailUser2093-group130,companyname123,3099,1003
MailUser2094-group130,companyname123,3100,1003
MailUser2095-group130,companyname123,3101,1003
MailUser2096-group131,companyname123,3102,1003
MailUser2097-group131,companyname123,3103,1003
MailUser2098-group131,companyname123,3104,1003
MailUser2099-group131,companyname123,3105,1003
MailUser2100-group131,companyname123,3106,1003
MailUser2101-group131,companyname123,3107,1003
MailUser2102-group131,companyname123,3108,1003
MailUser2103-group131,companyname123,3109,1003
MailUser2104-group131,companyname123,3110,1003
MailUser2105-group131,companyname123,3111,1003
MailUser2106-group131,companyname123,3112,1003
MailUser2107-group131,companyname123,3113,1003
MailUser2108-group131,companyname123,3114,1003
MailUser2109-group131,companyname123,3115,1003
MailUser2110-group131,companyname123,3116,1003
MailUser2111-group131,companyname123,3117,1003
MailUser2112-group132,companyname123,3118,1003
MailUser2113-group132,companyname123,3119,1003
MailUser2114-group132,companyname123,3120,1003
MailUser2115-group132,companyname123,3121,1003
MailUser2116-group132,companyname123,3122,1003
MailUser2117-group132,companyname123,3123,1003
MailUser2118-group132,companyname123,3124,1003
MailUser2119-group132,companyname123,3125,1003
MailUser2120-group132,companyname123,3126,1003
MailUser2121-group132,companyname123,3127,1003
MailUser2122-group132,companyname123,3128,1003
MailUser2123-group132,companyname123,3129,1003
MailUser2124-group132,companyname123,3130,1003
MailUser2125-group132,companyname123,3131,1003
MailUser2126-group132,companyname123,3132,1003
MailUser2127-group132,companyname123,3133,1003
MailUser2128-group133,companyname123,3134,1003
MailUser2129-group133,companyname123,3135,1003
MailUser2130-group133,companyname123,3136,1003
MailUser2131-group133,companyname123,3137,1003
MailUser2132-group133,companyname123,3138,1003
MailUser2133-group133,companyname123,3139,1003
MailUser2134-group133,companyname123,3140,1003
MailUser2135-group133,companyname123,3141,1003
MailUser2136-group133,companyname123,3142,1003
MailUser2137-group133,companyname123,3143,1003
MailUser2138-group133,companyname123,3144,1003
MailUser2139-group133,companyname123,3145,1003
MailUser2140-group133,companyname123,3146,1003
MailUser2141-group133,companyname123,3147,1003
MailUser2142-group133,companyname123,3148,1003
MailUser2143-group133,companyname123,3149,1003
MailUser2144-group134,companyname123,3150,1003
MailUser2145-group134,companyname123,3151,1003
MailUser2146-group134,companyname123,3152,1003
MailUser2147-group134,companyname123,3153,1003
MailUser2148-group134,companyname123,3154,1003
MailUser2149-group134,companyname123,3155,1003
MailUser2150-group134,companyname123,3156,1003
MailUser2151-group134,companyname123,3157,1003
MailUser2152-group134,companyname123,3158,1003
MailUser2153-group134,companyname123,3159,1003
MailUser2154-group134,companyname123,3160,1003
MailUser2155-group134,companyname123,3161,1003
MailUser2156-group134,companyname123,3162,1003
MailUser2157-group134,companyname123,3163,1003
MailUser2158-group134,companyname123,3164,1003
MailUser2159-group134,companyname123,3165,1003
MailUser2160-group135,companyname123,3166,1004
MailUser2161-group135,companyname123,3167,1004
MailUser2162-group135,companyname123,3168,1004
MailUser2163-group135,companyname123,3169,1004
MailUser2164-group135,companyname123,3170,1004
MailUser2165-group135,companyname123,3171,1004
MailUser2166-group135,companyname123,3172,1004
MailUser2167-group135,companyname123,3173,1004
MailUser2168-group135,companyname123,3174,1004
MailUser2169-group135,companyname123,3175,1004
MailUser2170-group135,companyname123,3176,1004
MailUser2171-group135,companyname123,3177,1004
MailUser2172-group135,companyname123,3178,1004
MailUser2173-group135,companyname123,3179,1004
MailUser2174-group135,companyname123,3180,1004
MailUser2175-group135,companyname123,3181,1004
MailUser2176-group136,companyname123,3182,1004
MailUser2177-group136,companyname123,3183,1004
MailUser2178-group136,companyname123,3184,1004
MailUser2179-group136,companyname123,3185,1004
MailUser2180-group136,companyname123,3186,1004
MailUser2181-group136,companyname123,3187,1004
MailUser2182-group136,companyname123,3188,1004
MailUser2183-group136,companyname123,3189,1004
MailUser2184-group136,companyname123,3190,1004
MailUser2185-group136,companyname123,3191,1004
MailUser2186-group136,companyname123,3192,1004
MailUser2187-group136,companyname123,3193,1004
MailUser2188-group136,companyname123,3194,1004
MailUser2189-group136,companyname123,3195,1004
MailUser2190-group136,companyname123,3196,1004
MailUser2191-group136,companyname123,3197,1004
MailUser2192-group137,companyname123,3198,1004
MailUser2193-group137,companyname123,3199,1004
MailUser2194-group137,companyname123,3200,1004
MailUser2195-group137,companyname123,3201,1004
MailUser2196-group137,companyname123,3202,1004
MailUser2197-group137,companyname123,3203,1004
MailUser2198-group137,companyname123,3204,1004
MailUser2199-group137,companyname123,3205,1004
MailUser2200-group137,companyname123,3206,1004
MailUser2201-group137,companyname123,3207,1004
MailUser2202-group137,companyname123,3208,1004
MailUser2203-group137,companyname123,3209,1004
MailUser2204-group137,companyname123,3210,1004
MailUser2205-group137,companyname123,3211,1004
MailUser2206-group137,companyname123,3212,1004
MailUser2207-group137,companyname123,3213,1004
MailUser2208-group138,companyname123,3214,1004
MailUser2209-group138,companyname123,3215,1004
MailUser2210-group138,companyname123,3216,1004
MailUser2211-group138,companyname123,3217,1004
MailUser2212-group138,companyname123,3218,1004
MailUser2213-group138,companyname123,3219,1004
MailUser2214-group138,companyname123,3220,1004
MailUser2215-group138,companyname123,3221,1004
MailUser2216-group138,companyname123,3222,1004
MailUser2217-group138,companyname123,3223,1004
MailUser2218-group138,companyname123,3224,1004
MailUser2219-group138,companyname123,3225,1004
MailUser2220-group138,companyname123,3226,1004
MailUser2221-group138,companyname123,3227,1004
MailUser2222-group138,companyname123,3228,1004
MailUser2223-group138,companyname123,3229,1004
MailUser2224-group139,companyname123,3230,1004
MailUser2225-group139,companyname123,3231,1004
MailUser2226-group139,companyname123,3232,1004
MailUser2227-group139,companyname123,3233,1004
MailUser2228-group139,companyname123,3234,1004
MailUser2229-group139,companyname123,3235,1004
MailUser2230-group139,companyname123,3236,1004
MailUser2231-group139,companyname123,3237,1004
MailUser2232-group139,companyname123,3238,1004
MailUser2233-group139,companyname123,3239,1004
MailUser2234-group139,companyname123,3240,1004
MailUser2235-group139,companyname123,3241,1004
MailUser2236-group139,companyname123,3242,1004
MailUser2237-group139,companyname123,3243,1004
MailUser2238-group139,companyname123,3244,1004
MailUser2239-group139,companyname123,3245,1004
MailUser2240-group140,companyname123,3246,1005
MailUser2241-group140,companyname123,3247,1005
MailUser2242-group140,companyname123,3248,1005
MailUser2243-group140,companyname123,3249,1005
MailUser2244-group140,companyname123,3250,1005
MailUser2245-group140,companyname123,3251,1005
MailUser2246-group140,companyname123,3252,1005
MailUser2247-group140,companyname123,3253,1005
MailUser2248-group140,companyname123,3254,1005
MailUser2249-group140,companyname123,3255,1005
MailUser2250-group140,companyname123,3256,1005
MailUser2251-group140,companyname123,3257,1005
MailUser2252-group140,companyname123,3258,1005
MailUser2253-group140,companyname123,3259,1005
MailUser2254-group140,companyname123,3260,1005
MailUser2255-group140,companyname123,3261,1005
MailUser2256-group141,companyname123,3262,1005
MailUser2257-group141,companyname123,3263,1005
MailUser2258-group141,companyname123,3264,1005
MailUser2259-group141,companyname123,3265,1005
MailUser2260-group141,companyname123,3266,1005
MailUser2261-group141,companyname123,3267,1005
MailUser2262-group141,companyname123,3268,1005
MailUser2263-group141,companyname123,3269,1005
MailUser2264-group141,companyname123,3270,1005
MailUser2265-group141,companyname123,3271,1005
MailUser2266-group141,companyname123,3272,1005
MailUser2267-group141,companyname123,3273,1005
MailUser2268-group141,companyname123,3274,1005
MailUser2269-group141,companyname123,3275,1005
MailUser2270-group141,companyname123,3276,1005
MailUser2271-group141,companyname123,3277,1005
MailUser2272-group142,companyname123,3278,1005
MailUser2273-group142,companyname123,3279,1005
MailUser2274-group142,companyname123,3280,1005
MailUser2275-group142,companyname123,3281,1005
MailUser2276-group142,companyname123,3282,1005
MailUser2277-group142,companyname123,3283,1005
MailUser2278-group142,companyname123,3284,1005
MailUser2279-group142,companyname123,3285,1005
MailUser2280-group142,companyname123,3286,1005
MailUser2281-group142,companyname123,3287,1005
MailUser2282-group142,companyname123,3288,1005
MailUser2283-group142,companyname123,3289,1005
MailUser2284-group142,companyname123,3290,1005
MailUser2285-group142,companyname123,3291,1005
MailUser2286-group142,companyname123,3292,1005
MailUser2287-group142,companyname123,3293,1005
MailUser2288-group143,companyname123,3294,1005
MailUser2289-group143,companyname123,3295,1005
MailUser2290-group143,companyname123,3296,1005
MailUser2291-group143,companyname123,3297,1005
MailUser2292-group143,companyname123,3298,1005
MailUser2293-group143,companyname123,3299,1005
MailUser2294-group143,companyname123,3300,1005
MailUser2295-group143,companyname123,3301,1005
MailUser2296-group143,companyname123,3302,1005
MailUser2297-group143,companyname123,3303,1005
MailUser2298-group143,companyname123,3304,1005
MailUser2299-group143,companyname123,3305,1005
MailUser2300-group143,companyname123,3306,1005
MailUser2301-group143,companyname123,3307,1005
MailUser2302-group143,companyname123,3308,1005
MailUser2303-group143,companyname123,3309,1005
MailUser2304-group144,companyname123,3310,1005
MailUser2305-group144,companyname123,3311,1005
MailUser2306-group144,companyname123,3312,1005
MailUser2307-group144,companyname123,3313,1005
MailUser2308-group144,companyname123,3314,1005
MailUser2309-group144,companyname123,3315,1005
MailUser2310-group144,companyname123,3316,1005
MailUser2311-group144,companyname123,3317,1005
MailUser2312-group144,companyname123,3318,1005
MailUser2313-group144,companyname123,3319,1005
MailUser2314-group144,companyname123,3320,1005
MailUser2315-group144,companyname123,3321,1005
MailUser2316-group144,companyname123,3322,1005
MailUser2317-group144,companyname123,3323,1005
MailUser2318-group144,companyname123,3324,1005
MailUser2319-group144,companyname123,3325,1005
MailUser2320-group145,companyname123,3326,1006
MailUser2321-group145,companyname123,3327,1006
MailUser2322-group145,companyname123,3328,1006
MailUser2323-group145,companyname123,3329,1006
MailUser2324-group145,companyname123,3330,1006
MailUser2325-group145,companyname123,3331,1006
MailUser2326-group145,companyname123,3332,1006
MailUser2327-group145,companyname123,3333,1006
MailUser2328-group145,companyname123,3334,1006
MailUser2329-group145,companyname123,3335,1006
MailUser2330-group145,companyname123,3336,1006
MailUser2331-group145,companyname123,3337,1006
MailUser2332-group145,companyname123,3338,1006
MailUser2333-group145,companyname123,3339,1006
MailUser2334-group145,companyname123,3340,1006
MailUser2335-group145,companyname123,3341,1006
MailUser2336-group146,companyname123,3342,1006
MailUser2337-group146,companyname123,3343,1006
MailUser2338-group146,companyname123,3344,1006
MailUser2339-group146,companyname123,3345,1006
MailUser2340-group146,companyname123,3346,1006
MailUser2341-group146,companyname123,3347,1006
MailUser2342-group146,companyname123,3348,1006
MailUser2343-group146,companyname123,3349,1006
MailUser2344-group146,companyname123,3350,1006
MailUser2345-group146,companyname123,3351,1006
MailUser2346-group146,companyname123,3352,1006
MailUser2347-group146,companyname123,3353,1006
MailUser2348-group146,companyname123,3354,1006
MailUser2349-group146,companyname123,3355,1006
MailUser2350-group146,companyname123,3356,1006
MailUser2351-group146,companyname123,3357,1006
MailUser2352-group147,companyname123,3358,1006
MailUser2353-group147,companyname123,3359,1006
MailUser2354-group147,companyname123,3360,1006
MailUser2355-group147,companyname123,3361,1006
MailUser2356-group147,companyname123,3362,1006
MailUser2357-group147,companyname123,3363,1006
MailUser2358-group147,companyname123,3364,1006
MailUser2359-group147,companyname123,3365,1006
MailUser2360-group147,companyname123,3366,1006
MailUser2361-group147,companyname123,3367,1006
MailUser2362-group147,companyname123,3368,1006
MailUser2363-group147,companyname123,3369,1006
MailUser2364-group147,companyname123,3370,1006
MailUser2365-group147,companyname123,3371,1006
MailUser2366-group147,companyname123,3372,1006
MailUser2367-group147,companyname123,3373,1006
MailUser2368-group148,companyname123,3374,1006
MailUser2369-group148,companyname123,3375,1006
MailUser2370-group148,companyname123,3376,1006
MailUser2371-group148,companyname123,3377,1006
MailUser2372-group148,companyname123,3378,1006
MailUser2373-group148,companyname123,3379,1006
MailUser2374-group148,companyname123,3380,1006
MailUser2375-group148,companyname123,3381,1006
MailUser2376-group148,companyname123,3382,1006
MailUser2377-group148,companyname123,3383,1006
MailUser2378-group148,companyname123,3384,1006
MailUser2379-group148,companyname123,3385,1006
MailUser2380-group148,companyname123,3386,1006
MailUser2381-group148,companyname123,3387,1006
MailUser2382-group148,companyname123,3388,1006
MailUser2383-group148,companyname123,3389,1006
MailUser2384-group149,companyname123,3390,1006
MailUser2385-group149,companyname123,3391,1006
MailUser2386-group149,companyname123,3392,1006
MailUser2387-group149,companyname123,3393,1006
MailUser2388-group149,companyname123,3394,1006
MailUser2389-group149,companyname123,3395,1006
MailUser2390-group149,companyname123,3396,1006
MailUser2391-group149,companyname123,3397,1006
MailUser2392-group149,companyname123,3398,1006
MailUser2393-group149,companyname123,3399,1006
MailUser2394-group149,companyname123,3400,1006
MailUser2395-group149,companyname123,3401,1006
MailUser2396-group149,companyname123,3402,1006
MailUser2397-group149,companyname123,3403,1006
MailUser2398-group149,companyname123,3404,1006
MailUser2399-group149,companyname123,3405,1006
MailUser2400-group150,companyname123,3406,1007
MailUser2401-group150,companyname123,3407,1007
MailUser2402-group150,companyname123,3408,1007
MailUser2403-group150,companyname123,3409,1007
MailUser2404-group150,companyname123,3410,1007
MailUser2405-group150,companyname123,3411,1007
MailUser2406-group150,companyname123,3412,1007
MailUser2407-group150,companyname123,3413,1007
MailUser2408-group150,companyname123,3414,1007
MailUser2409-group150,companyname123,3415,1007
MailUser2410-group150,companyname123,3416,1007
MailUser2411-group150,companyname123,3417,1007
MailUser2412-group150,companyname123,3418,1007
MailUser2413-group150,companyname123,3419,1007
MailUser2414-group150,companyname123,3420,1007
MailUser2415-group150,companyname123,3421,1007
MailUser2416-group151,companyname123,3422,1007
MailUser2417-group151,companyname123,3423,1007
MailUser2418-group151,companyname123,3424,1007
MailUser2419-group151,companyname123,3425,1007
MailUser2420-group151,companyname123,3426,1007
MailUser2421-group151,companyname123,3427,1007
MailUser2422-group151,companyname123,3428,1007
MailUser2423-group151,companyname123,3429,1007
MailUser2424-group151,companyname123,3430,1007
MailUser2425-group151,companyname123,3431,1007
MailUser2426-group151,companyname123,3432,1007
MailUser2427-group151,companyname123,3433,1007
MailUser2428-group151,companyname123,3434,1007
MailUser2429-group151,companyname123,3435,1007
MailUser2430-group151,companyname123,3436,1007
MailUser2431-group151,companyname123,3437,1007
MailUser2432-group152,companyname123,3438,1007
MailUser2433-group152,companyname123,3439,1007
MailUser2434-group152,companyname123,3440,1007
MailUser2435-group152,companyname123,3441,1007
MailUser2436-group152,companyname123,3442,1007
MailUser2437-group152,companyname123,3443,1007
MailUser2438-group152,companyname123,3444,1007
MailUser2439-group152,companyname123,3445,1007
MailUser2440-group152,companyname123,3446,1007
MailUser2441-group152,companyname123,3447,1007
MailUser2442-group152,companyname123,3448,1007
MailUser2443-group152,companyname123,3449,1007
MailUser2444-group152,companyname123,3450,1007
MailUser2445-group152,companyname123,3451,1007
MailUser2446-group152,companyname123,3452,1007
MailUser2447-group152,companyname123,3453,1007
MailUser2448-group153,companyname123,3454,1007
MailUser2449-group153,companyname123,3455,1007
MailUser2450-group153,companyname123,3456,1007
MailUser2451-group153,companyname123,3457,1007
MailUser2452-group153,companyname123,3458,1007
MailUser2453-group153,companyname123,3459,1007
MailUser2454-group153,companyname123,3460,1007
MailUser2455-group153,companyname123,3461,1007
MailUser2456-group153,companyname123,3462,1007
MailUser2457-group153,companyname123,3463,1007
MailUser2458-group153,companyname123,3464,1007
MailUser2459-group153,companyname123,3465,1007
MailUser2460-group153,companyname123,3466,1007
MailUser2461-group153,companyname123,3467,1007
MailUser2462-group153,companyname123,3468,1007
MailUser2463-group153,companyname123,3469,1007
MailUser2464-group154,companyname123,3470,1007
MailUser2465-group154,companyname123,3471,1007
MailUser2466-group154,companyname123,3472,1007
MailUser2467-group154,companyname123,3473,1007
MailUser2468-group154,companyname123,3474,1007
MailUser2469-group154,companyname123,3475,1007
MailUser2470-group154,companyname123,3476,1007
MailUser2471-group154,companyname123,3477,1007
MailUser2472-group154,companyname123,3478,1007
MailUser2473-group154,companyname123,3479,1007
MailUser2474-group154,companyname123,3480,1007
MailUser2475-group154,companyname123,3481,1007
MailUser2476-group154,companyname123,3482,1007
MailUser2477-group154,companyname123,3483,1007
MailUser2478-group154,companyname123,3484,1007
MailUser2479-group154,companyname123,3485,1007
MailUser2480-group155,companyname123,3486,1008
MailUser2481-group155,companyname123,3487,1008
MailUser2482-group155,companyname123,3488,1008
MailUser2483-group155,companyname123,3489,1008
MailUser2484-group155,companyname123,3490,1008
MailUser2485-group155,companyname123,3491,1008
MailUser2486-group155,companyname123,3492,1008
MailUser2487-group155,companyname123,3493,1008
MailUser2488-group155,companyname123,3494,1008
MailUser2489-group155,companyname123,3495,1008
MailUser2490-group155,companyname123,3496,1008
MailUser2491-group155,companyname123,3497,1008
MailUser2492-group155,companyname123,3498,1008
MailUser2493-group155,companyname123,3499,1008
MailUser2494-group155,companyname123,3500,1008
MailUser2495-group155,companyname123,3501,1008
MailUser2496-group156,companyname123,3502,1008
MailUser2497-group156,companyname123,3503,1008
MailUser2498-group156,companyname123,3504,1008
MailUser2499-group156,companyname123,3505,1008
MailUser2500-group156,companyname123,3506,1008
MailUser2501-group156,companyname123,3507,1008
MailUser2502-group156,companyname123,3508,1008
MailUser2503-group156,companyname123,3509,1008
MailUser2504-group156,companyname123,3510,1008
MailUser2505-group156,companyname123,3511,1008
MailUser2506-group156,companyname123,3512,1008
MailUser2507-group156,companyname123,3513,1008
MailUser2508-group156,companyname123,3514,1008
MailUser2509-group156,companyname123,3515,1008
MailUser2510-group156,companyname123,3516,1008
MailUser2511-group156,companyname123,3517,1008
MailUser2512-group157,companyname123,3518,1008
MailUser2513-group157,companyname123,3519,1008
MailUser2514-group157,companyname123,3520,1008
MailUser2515-group157,companyname123,3521,1008
MailUser2516-group157,companyname123,3522,1008
MailUser2517-group157,companyname123,3523,1008
MailUser2518-group157,companyname123,3524,1008
MailUser2519-group157,companyname123,3525,1008
MailUser2520-group157,companyname123,3526,1008
MailUser2521-group157,companyname123,3527,1008
MailUser2522-group157,companyname123,3528,1008
MailUser2523-group157,companyname123,3529,1008
MailUser2524-group157,companyname123,3530,1008
MailUser2525-group157,companyname123,3531,1008
MailUser2526-group157,companyname123,3532,1008
MailUser2527-group157,companyname123,3533,1008
MailUser2528-group158,companyname123,3534,1008
MailUser2529-group158,companyname123,3535,1008
MailUser2530-group158,companyname123,3536,1008
MailUser2531-group158,companyname123,3537,1008
MailUser2532-group158,companyname123,3538,1008
MailUser2533-group158,companyname123,3539,1008
MailUser2534-group158,companyname123,3540,1008
MailUser2535-group158,companyname123,3541,1008
MailUser2536-group158,companyname123,3542,1008
MailUser2537-group158,companyname123,3543,1008
MailUser2538-group158,companyname123,3544,1008
MailUser2539-group158,companyname123,3545,1008
MailUser2540-group158,companyname123,3546,1008
MailUser2541-group158,companyname123,3547,1008
MailUser2542-group158,companyname123,3548,1008
MailUser2543-group158,companyname123,3549,1008
MailUser2544-group159,companyname123,3550,1008
MailUser2545-group159,companyname123,3551,1008
MailUser2546-group159,companyname123,3552,1008
MailUser2547-group159,companyname123,3553,1008
MailUser2548-group159,companyname123,3554,1008
MailUser2549-group159,companyname123,3555,1008
MailUser2550-group159,companyname123,3556,1008
MailUser2551-group159,companyname123,3557,1008
MailUser2552-group159,companyname123,3558,1008
MailUser2553-group159,companyname123,3559,1008
MailUser2554-group159,companyname123,3560,1008
MailUser2555-group159,companyname123,3561,1008
MailUser2556-group159,companyname123,3562,1008
MailUser2557-group159,companyname123,3563,1008
MailUser2558-group159,companyname123,3564,1008
MailUser2559-group159,companyname123,3565,1008
MailUser2560-group160,companyname123,3566,1009
MailUser2561-group160,companyname123,3567,1009
MailUser2562-group160,companyname123,3568,1009
MailUser2563-group160,companyname123,3569,1009
MailUser2564-group160,companyname123,3570,1009
MailUser2565-group160,companyname123,3571,1009
MailUser2566-group160,companyname123,3572,1009
MailUser2567-group160,companyname123,3573,1009
MailUser2568-group160,companyname123,3574,1009
MailUser2569-group160,companyname123,3575,1009
MailUser2570-group160,companyname123,3576,1009
MailUser2571-group160,companyname123,3577,1009
MailUser2572-group160,companyname123,3578,1009
MailUser2573-group160,companyname123,3579,1009
MailUser2574-group160,companyname123,3580,1009
MailUser2575-group160,companyname123,3581,1009
MailUser2576-group161,companyname123,3582,1009
MailUser2577-group161,companyname123,3583,1009
MailUser2578-group161,companyname123,3584,1009
MailUser2579-group161,companyname123,3585,1009
MailUser2580-group161,companyname123,3586,1009
MailUser2581-group161,companyname123,3587,1009
MailUser2582-group161,companyname123,3588,1009
MailUser2583-group161,companyname123,3589,1009
MailUser2584-group161,companyname123,3590,1009
MailUser2585-group161,companyname123,3591,1009
MailUser2586-group161,companyname123,3592,1009
MailUser2587-group161,companyname123,3593,1009
MailUser2588-group161,companyname123,3594,1009
MailUser2589-group161,companyname123,3595,1009
MailUser2590-group161,companyname123,3596,1009
MailUser2591-group161,companyname123,3597,1009
MailUser2592-group162,companyname123,3598,1009
MailUser2593-group162,companyname123,3599,1009
MailUser2594-group162,companyname123,3600,1009
MailUser2595-group162,companyname123,3601,1009
MailUser2596-group162,companyname123,3602,1009
MailUser2597-group162,companyname123,3603,1009
MailUser2598-group162,companyname123,3604,1009
MailUser2599-group162,companyname123,3605,1009
MailUser2600-group162,companyname123,3606,1009
MailUser2601-group162,companyname123,3607,1009
MailUser2602-group162,companyname123,3608,1009
MailUser2603-group162,companyname123,3609,1009
MailUser2604-group162,companyname123,3610,1009
MailUser2605-group162,companyname123,3611,1009
MailUser2606-group162,companyname123,3612,1009
MailUser2607-group162,companyname123,3613,1009
MailUser2608-group163,companyname123,3614,1009
MailUser2609-group163,companyname123,3615,1009
MailUser2610-group163,companyname123,3616,1009
MailUser2611-group163,companyname123,3617,1009
MailUser2612-group163,companyname123,3618,1009
MailUser2613-group163,companyname123,3619,1009
MailUser2614-group163,companyname123,3620,1009
MailUser2615-group163,companyname123,3621,1009
MailUser2616-group163,companyname123,3622,1009
MailUser2617-group163,companyname123,3623,1009
MailUser2618-group163,companyname123,3624,1009
MailUser2619-group163,companyname123,3625,1009
MailUser2620-group163,companyname123,3626,1009
MailUser2621-group163,companyname123,3627,1009
MailUser2622-group163,companyname123,3628,1009
MailUser2623-group163,companyname123,3629,1009
MailUser2624-group164,companyname123,3630,1009
MailUser2625-group164,companyname123,3631,1009
MailUser2626-group164,companyname123,3632,1009
MailUser2627-group164,companyname123,3633,1009
MailUser2628-group164,companyname123,3634,1009
MailUser2629-group164,companyname123,3635,1009
MailUser2630-group164,companyname123,3636,1009
MailUser2631-group164,companyname123,3637,1009
MailUser2632-group164,companyname123,3638,1009
MailUser2633-group164,companyname123,3639,1009
MailUser2634-group164,companyname123,3640,1009
MailUser2635-group164,companyname123,3641,1009
MailUser2636-group164,companyname123,3642,1009
MailUser2637-group164,companyname123,3643,1009
MailUser2638-group164,companyname123,3644,1009
MailUser2639-group164,companyname123,3645,1009
MailUser2640-group165,companyname123,3646,1010
MailUser2641-group165,companyname123,3647,1010
MailUser2642-group165,companyname123,3648,1010
MailUser2643-group165,companyname123,3649,1010
MailUser2644-group165,companyname123,3650,1010
MailUser2645-group165,companyname123,3651,1010
MailUser2646-group165,companyname123,3652,1010
MailUser2647-group165,companyname123,3653,1010
MailUser2648-group165,companyname123,3654,1010
MailUser2649-group165,companyname123,3655,1010
MailUser2650-group165,companyname123,3656,1010
MailUser2651-group165,companyname123,3657,1010
MailUser2652-group165,companyname123,3658,1010
MailUser2653-group165,companyname123,3659,1010
MailUser2654-group165,companyname123,3660,1010
MailUser2655-group165,companyname123,3661,1010
MailUser2656-group166,companyname123,3662,1010
MailUser2657-group166,companyname123,3663,1010
MailUser2658-group166,companyname123,3664,1010
MailUser2659-group166,companyname123,3665,1010
MailUser2660-group166,companyname123,3666,1010
MailUser2661-group166,companyname123,3667,1010
MailUser2662-group166,companyname123,3668,1010
MailUser2663-group166,companyname123,3669,1010
MailUser2664-group166,companyname123,3670,1010
MailUser2665-group166,companyname123,3671,1010
MailUser2666-group166,companyname123,3672,1010
MailUser2667-group166,companyname123,3673,1010
MailUser2668-group166,companyname123,3674,1010
MailUser2669-group166,companyname123,3675,1010
MailUser2670-group166,companyname123,3676,1010
MailUser2671-group166,companyname123,3677,1010
MailUser2672-group167,companyname123,3678,1010
MailUser2673-group167,companyname123,3679,1010
MailUser2674-group167,companyname123,3680,1010
MailUser2675-group167,companyname123,3681,1010
MailUser2676-group167,companyname123,3682,1010
MailUser2677-group167,companyname123,3683,1010
MailUser2678-group167,companyname123,3684,1010
MailUser2679-group167,companyname123,3685,1010
MailUser2680-group167,companyname123,3686,1010
MailUser2681-group167,companyname123,3687,1010
MailUser2682-group167,companyname123,3688,1010
MailUser2683-group167,companyname123,3689,1010
MailUser2684-group167,companyname123,3690,1010
MailUser2685-group167,companyname123,3691,1010
MailUser2686-group167,companyname123,3692,1010
MailUser2687-group167,companyname123,3693,1010
MailUser2688-group168,companyname123,3694,1010
MailUser2689-group168,companyname123,3695,1010
MailUser2690-group168,companyname123,3696,1010
MailUser2691-group168,companyname123,3697,1010
MailUser2692-group168,companyname123,3698,1010
MailUser2693-group168,companyname123,3699,1010
MailUser2694-group168,companyname123,3700,1010
MailUser2695-group168,companyname123,3701,1010
MailUser2696-group168,companyname123,3702,1010
MailUser2697-group168,companyname123,3703,1010
MailUser2698-group168,companyname123,3704,1010
MailUser2699-group168,companyname123,3705,1010
MailUser2700-group168,companyname123,3706,1010
MailUser2701-group168,companyname123,3707,1010
MailUser2702-group168,companyname123,3708,1010
MailUser2703-group168,companyname123,3709,1010
MailUser2704-group169,companyname123,3710,1010
MailUser2705-group169,companyname123,3711,1010
MailUser2706-group169,companyname123,3712,1010
MailUser2707-group169,companyname123,3713,1010
MailUser2708-group169,companyname123,3714,1010
MailUser2709-group169,companyname123,3715,1010
MailUser2710-group169,companyname123,3716,1010
MailUser2711-group169,companyname123,3717,1010
MailUser2712-group169,companyname123,3718,1010
MailUser2713-group169,companyname123,3719,1010
MailUser2714-group169,companyname123,3720,1010
MailUser2715-group169,companyname123,3721,1010
MailUser2716-group169,companyname123,3722,1010
MailUser2717-group169,companyname123,3723,1010
MailUser2718-group169,companyname123,3724,1010
MailUser2719-group169,companyname123,3725,1010
MailUser2720-group170,companyname123,3726,1011
MailUser2721-group170,companyname123,3727,1011
MailUser2722-group170,companyname123,3728,1011
MailUser2723-group170,companyname123,3729,1011
MailUser2724-group170,companyname123,3730,1011
MailUser2725-group170,companyname123,3731,1011
MailUser2726-group170,companyname123,3732,1011
MailUser2727-group170,companyname123,3733,1011
MailUser2728-group170,companyname123,3734,1011
MailUser2729-group170,companyname123,3735,1011
MailUser2730-group170,companyname123,3736,1011
MailUser2731-group170,companyname123,3737,1011
MailUser2732-group170,companyname123,3738,1011
MailUser2733-group170,companyname123,3739,1011
MailUser2734-group170,companyname123,3740,1011
MailUser2735-group170,companyname123,3741,1011
MailUser2736-group171,companyname123,3742,1011
MailUser2737-group171,companyname123,3743,1011
MailUser2738-group171,companyname123,3744,1011
MailUser2739-group171,companyname123,3745,1011
MailUser2740-group171,companyname123,3746,1011
MailUser2741-group171,companyname123,3747,1011
MailUser2742-group171,companyname123,3748,1011
MailUser2743-group171,companyname123,3749,1011
MailUser2744-group171,companyname123,3750,1011
MailUser2745-group171,companyname123,3751,1011
MailUser2746-group171,companyname123,3752,1011
MailUser2747-group171,companyname123,3753,1011
MailUser2748-group171,companyname123,3754,1011
MailUser2749-group171,companyname123,3755,1011
MailUser2750-group171,companyname123,3756,1011
MailUser2751-group171,companyname123,3757,1011
MailUser2752-group172,companyname123,3758,1011
MailUser2753-group172,companyname123,3759,1011
MailUser2754-group172,companyname123,3760,1011
MailUser2755-group172,companyname123,3761,1011
MailUser2756-group172,companyname123,3762,1011
MailUser2757-group172,companyname123,3763,1011
MailUser2758-group172,companyname123,3764,1011
MailUser2759-group172,companyname123,3765,1011
MailUser2760-group172,companyname123,3766,1011
MailUser2761-group172,companyname123,3767,1011
MailUser2762-group172,companyname123,3768,1011
MailUser2763-group172,companyname123,3769,1011
MailUser2764-group172,companyname123,3770,1011
MailUser2765-group172,companyname123,3771,1011
MailUser2766-group172,companyname123,3772,1011
MailUser2767-group172,companyname123,3773,1011
MailUser2768-group173,companyname123,3774,1011
MailUser2769-group173,companyname123,3775,1011
MailUser2770-group173,companyname123,3776,1011
MailUser2771-group173,companyname123,3777,1011
MailUser2772-group173,companyname123,3778,1011
MailUser2773-group173,companyname123,3779,1011
MailUser2774-group173,companyname123,3780,1011
MailUser2775-group173,companyname123,3781,1011
MailUser2776-group173,companyname123,3782,1011
MailUser2777-group173,companyname123,3783,1011
MailUser2778-group173,companyname123,3784,1011
MailUser2779-group173,companyname123,3785,1011
MailUser2780-group173,companyname123,3786,1011
MailUser2781-group173,companyname123,3787,1011
MailUser2782-group173,companyname123,3788,1011
MailUser2783-group173,companyname123,3789,1011
MailUser2784-group174,companyname123,3790,1011
MailUser2785-group174,companyname123,3791,1011
MailUser2786-group174,companyname123,3792,1011
MailUser2787-group174,companyname123,3793,1011
MailUser2788-group174,companyname123,3794,1011
MailUser2789-group174,companyname123,3795,1011
MailUser2790-group174,companyname123,3796,1011
MailUser2791-group174,companyname123,3797,1011
MailUser2792-group174,companyname123,3798,1011
MailUser2793-group174,companyname123,3799,1011
MailUser2794-group174,companyname123,3800,1011
MailUser2795-group174,companyname123,3801,1011
MailUser2796-group174,companyname123,3802,1011
MailUser2797-group174,companyname123,3803,1011
MailUser2798-group174,companyname123,3804,1011
MailUser2799-group174,companyname123,3805,1011
MailUser2800-group175,companyname123,3806,1012
MailUser2801-group175,companyname123,3807,1012
MailUser2802-group175,companyname123,3808,1012
MailUser2803-group175,companyname123,3809,1012
MailUser2804-group175,companyname123,3810,1012
MailUser2805-group175,companyname123,3811,1012
MailUser2806-group175,companyname123,3812,1012
MailUser2807-group175,companyname123,3813,1012
MailUser2808-group175,companyname123,3814,1012
MailUser2809-group175,companyname123,3815,1012
MailUser2810-group175,companyname123,3816,1012
MailUser2811-group175,companyname123,3817,1012
MailUser2812-group175,companyname123,3818,1012
MailUser2813-group175,companyname123,3819,1012
MailUser2814-group175,companyname123,3820,1012
MailUser2815-group175,companyname123,3821,1012
MailUser2816-group176,companyname123,3822,1012
MailUser2817-group176,companyname123,3823,1012
MailUser2818-group176,companyname123,3824,1012
MailUser2819-group176,companyname123,3825,1012
MailUser2820-group176,companyname123,3826,1012
MailUser2821-group176,companyname123,3827,1012
MailUser2822-group176,companyname123,3828,1012
MailUser2823-group176,companyname123,3829,1012
MailUser2824-group176,companyname123,3830,1012
MailUser2825-group176,companyname123,3831,1012
MailUser2826-group176,companyname123,3832,1012
MailUser2827-group176,companyname123,3833,1012
MailUser2828-group176,companyname123,3834,1012
MailUser2829-group176,companyname123,3835,1012
MailUser2830-group176,companyname123,3836,1012
MailUser2831-group176,companyname123,3837,1012
MailUser2832-group177,companyname123,3838,1012
MailUser2833-group177,companyname123,3839,1012
MailUser2834-group177,companyname123,3840,1012
MailUser2835-group177,companyname123,3841,1012
MailUser2836-group177,companyname123,3842,1012
MailUser2837-group177,companyname123,3843,1012
MailUser2838-group177,companyname123,3844,1012
MailUser2839-group177,companyname123,3845,1012
MailUser2840-group177,companyname123,3846,1012
MailUser2841-group177,companyname123,3847,1012
MailUser2842-group177,companyname123,3848,1012
MailUser2843-group177,companyname123,3849,1012
MailUser2844-group177,companyname123,3850,1012
MailUser2845-group177,companyname123,3851,1012
MailUser2846-group177,companyname123,3852,1012
MailUser2847-group177,companyname123,3853,1012
MailUser2848-group178,companyname123,3854,1012
MailUser2849-group178,companyname123,3855,1012
MailUser2850-group178,companyname123,3856,1012
MailUser2851-group178,companyname123,3857,1012
MailUser2852-group178,companyname123,3858,1012
MailUser2853-group178,companyname123,3859,1012
MailUser2854-group178,companyname123,3860,1012
MailUser2855-group178,companyname123,3861,1012
MailUser2856-group178,companyname123,3862,1012
MailUser2857-group178,companyname123,3863,1012
MailUser2858-group178,companyname123,3864,1012
MailUser2859-group178,companyname123,3865,1012
MailUser2860-group178,companyname123,3866,1012
MailUser2861-group178,companyname123,3867,1012
MailUser2862-group178,companyname123,3868,1012
MailUser2863-group178,companyname123,3869,1012
MailUser2864-group179,companyname123,3870,1012
MailUser2865-group179,companyname123,3871,1012
MailUser2866-group179,companyname123,3872,1012
MailUser2867-group179,companyname123,3873,1012
MailUser2868-group179,companyname123,3874,1012
MailUser2869-group179,companyname123,3875,1012
MailUser2870-group179,companyname123,3876,1012
MailUser2871-group179,companyname123,3877,1012
MailUser2872-group179,companyname123,3878,1012
MailUser2873-group179,companyname123,3879,1012
MailUser2874-group179,companyname123,3880,1012
MailUser2875-group179,companyname123,3881,1012
MailUser2876-group179,companyname123,3882,1012
MailUser2877-group179,companyname123,3883,1012
MailUser2878-group179,companyname123,3884,1012
MailUser2879-group179,companyname123,3885,1012
MailUser2880-group180,companyname123,3886,1013
MailUser2881-group180,companyname123,3887,1013
MailUser2882-group180,companyname123,3888,1013
MailUser2883-group180,companyname123,3889,1013
MailUser2884-group180,companyname123,3890,1013
MailUser2885-group180,companyname123,3891,1013
MailUser2886-group180,companyname123,3892,1013
MailUser2887-group180,companyname123,3893,1013
MailUser2888-group180,companyname123,3894,1013
MailUser2889-group180,companyname123,3895,1013
MailUser2890-group180,companyname123,3896,1013
MailUser2891-group180,companyname123,3897,1013
MailUser2892-group180,companyname123,3898,1013
MailUser2893-group180,companyname123,3899,1013
MailUser2894-group180,companyname123,3900,1013
MailUser2895-group180,companyname123,3901,1013
MailUser2896-group181,companyname123,3902,1013
MailUser2897-group181,companyname123,3903,1013
MailUser2898-group181,companyname123,3904,1013
MailUser2899-group181,companyname123,3905,1013
MailUser2900-group181,companyname123,3906,1013
MailUser2901-group181,companyname123,3907,1013
MailUser2902-group181,companyname123,3908,1013
MailUser2903-group181,companyname123,3909,1013
MailUser2904-group181,companyname123,3910,1013
MailUser2905-group181,companyname123,3911,1013
MailUser2906-group181,companyname123,3912,1013
MailUser2907-group181,companyname123,3913,1013
MailUser2908-group181,companyname123,3914,1013
MailUser2909-group181,companyname123,3915,1013
MailUser2910-group181,companyname123,3916,1013
MailUser2911-group181,companyname123,3917,1013
MailUser2912-group182,companyname123,3918,1013
MailUser2913-group182,companyname123,3919,1013
MailUser2914-group182,companyname123,3920,1013
MailUser2915-group182,companyname123,3921,1013
MailUser2916-group182,companyname123,3922,1013
MailUser2917-group182,companyname123,3923,1013
MailUser2918-group182,companyname123,3924,1013
MailUser2919-group182,companyname123,3925,1013
MailUser2920-group182,companyname123,3926,1013
MailUser2921-group182,companyname123,3927,1013
MailUser2922-group182,companyname123,3928,1013
MailUser2923-group182,companyname123,3929,1013
MailUser2924-group182,companyname123,3930,1013
MailUser2925-group182,companyname123,3931,1013
MailUser2926-group182,companyname123,3932,1013
MailUser2927-group182,companyname123,3933,1013
MailUser2928-group183,companyname123,3934,1013
MailUser2929-group183,companyname123,3935,1013
MailUser2930-group183,companyname123,3936,1013
MailUser2931-group183,companyname123,3937,1013
MailUser2932-group183,companyname123,3938,1013
MailUser2933-group183,companyname123,3939,1013
MailUser2934-group183,companyname123,3940,1013
MailUser2935-group183,companyname123,3941,1013
MailUser2936-group183,companyname123,3942,1013
MailUser2937-group183,companyname123,3943,1013
MailUser2938-group183,companyname123,3944,1013
MailUser2939-group183,companyname123,3945,1013
MailUser2940-group183,companyname123,3946,1013
MailUser2941-group183,companyname123,3947,1013
MailUser2942-group183,companyname123,3948,1013
MailUser2943-group183,companyname123,3949,1013
MailUser2944-group184,companyname123,3950,1013
MailUser2945-group184,companyname123,3951,1013
MailUser2946-group184,companyname123,3952,1013
MailUser2947-group184,companyname123,3953,1013
MailUser2948-group184,companyname123,3954,1013
MailUser2949-group184,companyname123,3955,1013
MailUser2950-group184,companyname123,3956,1013
MailUser2951-group184,companyname123,3957,1013
MailUser2952-group184,companyname123,3958,1013
MailUser2953-group184,companyname123,3959,1013
MailUser2954-group184,companyname123,3960,1013
MailUser2955-group184,companyname123,3961,1013
MailUser2956-group184,companyname123,3962,1013
MailUser2957-group184,companyname123,3963,1013
MailUser2958-group184,companyname123,3964,1013
MailUser2959-group184,companyname123,3965,1013
MailUser2960-group185,companyname123,3966,1014
MailUser2961-group185,companyname123,3967,1014
MailUser2962-group185,companyname123,3968,1014
MailUser2963-group185,companyname123,3969,1014
MailUser2964-group185,companyname123,3970,1014
MailUser2965-group185,companyname123,3971,1014
MailUser2966-group185,companyname123,3972,1014
MailUser2967-group185,companyname123,3973,1014
MailUser2968-group185,companyname123,3974,1014
MailUser2969-group185,companyname123,3975,1014
MailUser2970-group185,companyname123,3976,1014
MailUser2971-group185,companyname123,3977,1014
MailUser2972-group185,companyname123,3978,1014
MailUser2973-group185,companyname123,3979,1014
MailUser2974-group185,companyname123,3980,1014
MailUser2975-group185,companyname123,3981,1014
MailUser2976-group186,companyname123,3982,1014
MailUser2977-group186,companyname123,3983,1014
MailUser2978-group186,companyname123,3984,1014
MailUser2979-group186,companyname123,3985,1014
MailUser2980-group186,companyname123,3986,1014
MailUser2981-group186,companyname123,3987,1014
MailUser2982-group186,companyname123,3988,1014
MailUser2983-group186,companyname123,3989,1014
MailUser2984-group186,companyname123,3990,1014
MailUser2985-group186,companyname123,3991,1014
MailUser2986-group186,companyname123,3992,1014
MailUser2987-group186,companyname123,3993,1014
MailUser2988-group186,companyname123,3994,1014
MailUser2989-group186,companyname123,3995,1014
MailUser2990-group186,companyname123,3996,1014
MailUser2991-group186,companyname123,3997,1014
MailUser2992-group187,companyname123,3998,1014
MailUser2993-group187,companyname123,3999,1014
MailUser2994-group187,companyname123,4000,1014
MailUser2995-group187,companyname123,4001,1014
MailUser2996-group187,companyname123,4002,1014
MailUser2997-group187,companyname123,4003,1014
MailUser2998-group187,companyname123,4004,1014
MailUser2999-group187,companyname123,4005,1014
MailUser3000-group187,companyname123,4006,1014
MailUser3001-group187,companyname123,4007,1014
MailUser3002-group187,companyname123,4008,1014
MailUser3003-group187,companyname123,4009,1014
MailUser3004-group187,companyname123,4010,1014
MailUser3005-group187,companyname123,4011,1014
MailUser3006-group187,companyname123,4012,1014
MailUser3007-group187,companyname123,4013,1014
MailUser3008-group188,companyname123,4014,1014
MailUser3009-group188,companyname123,4015,1014
MailUser3010-group188,companyname123,4016,1014
MailUser3011-group188,companyname123,4017,1014
MailUser3012-group188,companyname123,4018,1014
MailUser3013-group188,companyname123,4019,1014
MailUser3014-group188,companyname123,4020,1014
MailUser3015-group188,companyname123,4021,1014
MailUser3016-group188,companyname123,4022,1014
MailUser3017-group188,companyname123,4023,1014
MailUser3018-group188,companyname123,4024,1014
MailUser3019-group188,companyname123,4025,1014
MailUser3020-group188,companyname123,4026,1014
MailUser3021-group188,companyname123,4027,1014
MailUser3022-group188,companyname123,4028,1014
MailUser3023-group188,companyname123,4029,1014
MailUser3024-group189,companyname123,4030,1014
MailUser3025-group189,companyname123,4031,1014
MailUser3026-group189,companyname123,4032,1014
MailUser3027-group189,companyname123,4033,1014
MailUser3028-group189,companyname123,4034,1014
MailUser3029-group189,companyname123,4035,1014
MailUser3030-group189,companyname123,4036,1014
MailUser3031-group189,companyname123,4037,1014
MailUser3032-group189,companyname123,4038,1014
MailUser3033-group189,companyname123,4039,1014
MailUser3034-group189,companyname123,4040,1014
MailUser3035-group189,companyname123,4041,1014
MailUser3036-group189,companyname123,4042,1014
MailUser3037-group189,companyname123,4043,1014
MailUser3038-group189,companyname123,4044,1014
MailUser3039-group189,companyname123,4045,1014
MailUser3040-group190,companyname123,4046,1015
MailUser3041-group190,companyname123,4047,1015
MailUser3042-group190,companyname123,4048,1015
MailUser3043-group190,companyname123,4049,1015
MailUser3044-group190,companyname123,4050,1015
MailUser3045-group190,companyname123,4051,1015
MailUser3046-group190,companyname123,4052,1015
MailUser3047-group190,companyname123,4053,1015
MailUser3048-group190,companyname123,4054,1015
MailUser3049-group190,companyname123,4055,1015
MailUser3050-group190,companyname123,4056,1015
MailUser3051-group190,companyname123,4057,1015
MailUser3052-group190,companyname123,4058,1015
MailUser3053-group190,companyname123,4059,1015
MailUser3054-group190,companyname123,4060,1015
MailUser3055-group190,companyname123,4061,1015
MailUser3056-group191,companyname123,4062,1015
MailUser3057-group191,companyname123,4063,1015
MailUser3058-group191,companyname123,4064,1015
MailUser3059-group191,companyname123,4065,1015
MailUser3060-group191,companyname123,4066,1015
MailUser3061-group191,companyname123,4067,1015
MailUser3062-group191,companyname123,4068,1015
MailUser3063-group191,companyname123,4069,1015
MailUser3064-group191,companyname123,4070,1015
MailUser3065-group191,companyname123,4071,1015
MailUser3066-group191,companyname123,4072,1015
MailUser3067-group191,companyname123,4073,1015
MailUser3068-group191,companyname123,4074,1015
MailUser3069-group191,companyname123,4075,1015
MailUser3070-group191,companyname123,4076,1015
MailUser3071-group191,companyname123,4077,1015
MailUser3072-group192,companyname123,4078,1015
MailUser3073-group192,companyname123,4079,1015
MailUser3074-group192,companyname123,4080,1015
MailUser3075-group192,companyname123,4081,1015
MailUser3076-group192,companyname123,4082,1015
MailUser3077-group192,companyname123,4083,1015
MailUser3078-group192,companyname123,4084,1015
MailUser3079-group192,companyname123,4085,1015
MailUser3080-group192,companyname123,4086,1015
MailUser3081-group192,companyname123,4087,1015
MailUser3082-group192,companyname123,4088,1015
MailUser3083-group192,companyname123,4089,1015
MailUser3084-group192,companyname123,4090,1015
MailUser3085-group192,companyname123,4091,1015
MailUser3086-group192,companyname123,4092,1015
MailUser3087-group192,companyname123,4093,1015
MailUser3088-group193,companyname123,4094,1015
MailUser3089-group193,companyname123,4095,1015
MailUser3090-group193,companyname123,4096,1015
MailUser3091-group193,companyname123,4097,1015
MailUser3092-group193,companyname123,4098,1015
MailUser3093-group193,companyname123,4099,1015
MailUser3094-group193,companyname123,4100,1015
MailUser3095-group193,companyname123,4101,1015
MailUser3096-group193,companyname123,4102,1015
MailUser3097-group193,companyname123,4103,1015
MailUser3098-group193,companyname123,4104,1015
MailUser3099-group193,companyname123,4105,1015
MailUser3100-group193,companyname123,4106,1015
MailUser3101-group193,companyname123,4107,1015
MailUser3102-group193,companyname123,4108,1015
MailUser3103-group193,companyname123,4109,1015
MailUser3104-group194,companyname123,4110,1015
MailUser3105-group194,companyname123,4111,1015
MailUser3106-group194,companyname123,4112,1015
MailUser3107-group194,companyname123,4113,1015
MailUser3108-group194,companyname123,4114,1015
MailUser3109-group194,companyname123,4115,1015
MailUser3110-group194,companyname123,4116,1015
MailUser3111-group194,companyname123,4117,1015
MailUser3112-group194,companyname123,4118,1015
MailUser3113-group194,companyname123,4119,1015
MailUser3114-group194,companyname123,4120,1015
MailUser3115-group194,companyname123,4121,1015
MailUser3116-group194,companyname123,4122,1015
MailUser3117-group194,companyname123,4123,1015
MailUser3118-group194,companyname123,4124,1015
MailUser3119-group194,companyname123,4125,1015
MailUser3120-group195,companyname123,4126,1016
MailUser3121-group195,companyname123,4127,1016
MailUser3122-group195,companyname123,4128,1016
MailUser3123-group195,companyname123,4129,1016
MailUser3124-group195,companyname123,4130,1016
MailUser3125-group195,companyname123,4131,1016
MailUser3126-group195,companyname123,4132,1016
MailUser3127-group195,companyname123,4133,1016
MailUser3128-group195,companyname123,4134,1016
MailUser3129-group195,companyname123,4135,1016
MailUser3130-group195,companyname123,4136,1016
MailUser3131-group195,companyname123,4137,1016
MailUser3132-group195,companyname123,4138,1016
MailUser3133-group195,companyname123,4139,1016
MailUser3134-group195,companyname123,4140,1016
MailUser3135-group195,companyname123,4141,1016
MailUser3136-group196,companyname123,4142,1016
MailUser3137-group196,companyname123,4143,1016
MailUser3138-group196,companyname123,4144,1016
MailUser3139-group196,companyname123,4145,1016
MailUser3140-group196,companyname123,4146,1016
MailUser3141-group196,companyname123,4147,1016
MailUser3142-group196,companyname123,4148,1016
MailUser3143-group196,companyname123,4149,1016
MailUser3144-group196,companyname123,4150,1016
MailUser3145-group196,companyname123,4151,1016
MailUser3146-group196,companyname123,4152,1016
MailUser3147-group196,companyname123,4153,1016
MailUser3148-group196,companyname123,4154,1016
MailUser3149-group196,companyname123,4155,1016
MailUser3150-group196,companyname123,4156,1016
MailUser3151-group196,companyname123,4157,1016
MailUser3152-group197,companyname123,4158,1016
MailUser3153-group197,companyname123,4159,1016
MailUser3154-group197,companyname123,4160,1016
MailUser3155-group197,companyname123,4161,1016
MailUser3156-group197,companyname123,4162,1016
MailUser3157-group197,companyname123,4163,1016
MailUser3158-group197,companyname123,4164,1016
MailUser3159-group197,companyname123,4165,1016
MailUser3160-group197,companyname123,4166,1016
MailUser3161-group197,companyname123,4167,1016
MailUser3162-group197,companyname123,4168,1016
MailUser3163-group197,companyname123,4169,1016
MailUser3164-group197,companyname123,4170,1016
MailUser3165-group197,companyname123,4171,1016
MailUser3166-group197,companyname123,4172,1016
MailUser3167-group197,companyname123,4173,1016
MailUser3168-group198,companyname123,4174,1016
MailUser3169-group198,companyname123,4175,1016
MailUser3170-group198,companyname123,4176,1016
MailUser3171-group198,companyname123,4177,1016
MailUser3172-group198,companyname123,4178,1016
MailUser3173-group198,companyname123,4179,1016
MailUser3174-group198,companyname123,4180,1016
MailUser3175-group198,companyname123,4181,1016
MailUser3176-group198,companyname123,4182,1016
MailUser3177-group198,companyname123,4183,1016
MailUser3178-group198,companyname123,4184,1016
MailUser3179-group198,companyname123,4185,1016
MailUser3180-group198,companyname123,4186,1016
MailUser3181-group198,companyname123,4187,1016
MailUser3182-group198,companyname123,4188,1016
MailUser3183-group198,companyname123,4189,1016
MailUser3184-group199,companyname123,4190,1016
MailUser3185-group199,companyname123,4191,1016
MailUser3186-group199,companyname123,4192,1016
MailUser3187-group199,companyname123,4193,1016
MailUser3188-group199,companyname123,4194,1016
MailUser3189-group199,companyname123,4195,1016
MailUser3190-group199,companyname123,4196,1016
MailUser3191-group199,companyname123,4197,1016
MailUser3192-group199,companyname123,4198,1016
MailUser3193-group199,companyname123,4199,1016
MailUser3194-group199,companyname123,4200,1016
MailUser3195-group199,companyname123,4201,1016
MailUser3196-group199,companyname123,4202,1016
MailUser3197-group199,companyname123,4203,1016
MailUser3198-group199,companyname123,4204,1016
MailUser3199-group199,companyname123,4205,1016
MailUser3200-group200,companyname123,4206,1017
MailUser3201-group200,companyname123,4207,1017
MailUser3202-group200,companyname123,4208,1017
MailUser3203-group200,companyname123,4209,1017
MailUser3204-group200,companyname123,4210,1017
MailUser3205-group200,companyname123,4211,1017
MailUser3206-group200,companyname123,4212,1017
MailUser3207-group200,companyname123,4213,1017
MailUser3208-group200,companyname123,4214,1017
MailUser3209-group200,companyname123,4215,1017
MailUser3210-group200,companyname123,4216,1017
MailUser3211-group200,companyname123,4217,1017
MailUser3212-group200,companyname123,4218,1017
MailUser3213-group200,companyname123,4219,1017
MailUser3214-group200,companyname123,4220,1017
MailUser3215-group200,companyname123,4221,1017
MailUser3216-group201,companyname123,4222,1017
MailUser3217-group201,companyname123,4223,1017
MailUser3218-group201,companyname123,4224,1017
MailUser3219-group201,companyname123,4225,1017
MailUser3220-group201,companyname123,4226,1017
MailUser3221-group201,companyname123,4227,1017
MailUser3222-group201,companyname123,4228,1017
MailUser3223-group201,companyname123,4229,1017
MailUser3224-group201,companyname123,4230,1017
MailUser3225-group201,companyname123,4231,1017
MailUser3226-group201,companyname123,4232,1017
MailUser3227-group201,companyname123,4233,1017
MailUser3228-group201,companyname123,4234,1017
MailUser3229-group201,companyname123,4235,1017
MailUser3230-group201,companyname123,4236,1017
MailUser3231-group201,companyname123,4237,1017
MailUser3232-group202,companyname123,4238,1017
MailUser3233-group202,companyname123,4239,1017
MailUser3234-group202,companyname123,4240,1017
MailUser3235-group202,companyname123,4241,1017
MailUser3236-group202,companyname123,4242,1017
MailUser3237-group202,companyname123,4243,1017
MailUser3238-group202,companyname123,4244,1017
MailUser3239-group202,companyname123,4245,1017
MailUser3240-group202,companyname123,4246,1017
MailUser3241-group202,companyname123,4247,1017
MailUser3242-group202,companyname123,4248,1017
MailUser3243-group202,companyname123,4249,1017
MailUser3244-group202,companyname123,4250,1017
MailUser3245-group202,companyname123,4251,1017
MailUser3246-group202,companyname123,4252,1017
MailUser3247-group202,companyname123,4253,1017
MailUser3248-group203,companyname123,4254,1017
MailUser3249-group203,companyname123,4255,1017
MailUser3250-group203,companyname123,4256,1017
MailUser3251-group203,companyname123,4257,1017
MailUser3252-group203,companyname123,4258,1017
MailUser3253-group203,companyname123,4259,1017
MailUser3254-group203,companyname123,4260,1017
MailUser3255-group203,companyname123,4261,1017
MailUser3256-group203,companyname123,4262,1017
MailUser3257-group203,companyname123,4263,1017
MailUser3258-group203,companyname123,4264,1017
MailUser3259-group203,companyname123,4265,1017
MailUser3260-group203,companyname123,4266,1017
MailUser3261-group203,companyname123,4267,1017
MailUser3262-group203,companyname123,4268,1017
MailUser3263-group203,companyname123,4269,1017
MailUser3264-group204,companyname123,4270,1017
MailUser3265-group204,companyname123,4271,1017
MailUser3266-group204,companyname123,4272,1017
MailUser3267-group204,companyname123,4273,1017
MailUser3268-group204,companyname123,4274,1017
MailUser3269-group204,companyname123,4275,1017
MailUser3270-group204,companyname123,4276,1017
MailUser3271-group204,companyname123,4277,1017
MailUser3272-group204,companyname123,4278,1017
MailUser3273-group204,companyname123,4279,1017
MailUser3274-group204,companyname123,4280,1017
MailUser3275-group204,companyname123,4281,1017
MailUser3276-group204,companyname123,4282,1017
MailUser3277-group204,companyname123,4283,1017
MailUser3278-group204,companyname123,4284,1017
MailUser3279-group204,companyname123,4285,1017
MailUser3280-group205,companyname123,4286,1018
MailUser3281-group205,companyname123,4287,1018
MailUser3282-group205,companyname123,4288,1018
MailUser3283-group205,companyname123,4289,1018
MailUser3284-group205,companyname123,4290,1018
MailUser3285-group205,companyname123,4291,1018
MailUser3286-group205,companyname123,4292,1018
MailUser3287-group205,companyname123,4293,1018
MailUser3288-group205,companyname123,4294,1018
MailUser3289-group205,companyname123,4295,1018
MailUser3290-group205,companyname123,4296,1018
MailUser3291-group205,companyname123,4297,1018
MailUser3292-group205,companyname123,4298,1018
MailUser3293-group205,companyname123,4299,1018
MailUser3294-group205,companyname123,4300,1018
MailUser3295-group205,companyname123,4301,1018
MailUser3296-group206,companyname123,4302,1018
MailUser3297-group206,companyname123,4303,1018
MailUser3298-group206,companyname123,4304,1018
MailUser3299-group206,companyname123,4305,1018
MailUser3300-group206,companyname123,4306,1018
MailUser3301-group206,companyname123,4307,1018
MailUser3302-group206,companyname123,4308,1018
MailUser3303-group206,companyname123,4309,1018
MailUser3304-group206,companyname123,4310,1018
MailUser3305-group206,companyname123,4311,1018
MailUser3306-group206,companyname123,4312,1018
MailUser3307-group206,companyname123,4313,1018
MailUser3308-group206,companyname123,4314,1018
MailUser3309-group206,companyname123,4315,1018
MailUser3310-group206,companyname123,4316,1018
MailUser3311-group206,companyname123,4317,1018
MailUser3312-group207,companyname123,4318,1018
MailUser3313-group207,companyname123,4319,1018
MailUser3314-group207,companyname123,4320,1018
MailUser3315-group207,companyname123,4321,1018
MailUser3316-group207,companyname123,4322,1018
MailUser3317-group207,companyname123,4323,1018
MailUser3318-group207,companyname123,4324,1018
MailUser3319-group207,companyname123,4325,1018
MailUser3320-group207,companyname123,4326,1018
MailUser3321-group207,companyname123,4327,1018
MailUser3322-group207,companyname123,4328,1018
MailUser3323-group207,companyname123,4329,1018
MailUser3324-group207,companyname123,4330,1018
MailUser3325-group207,companyname123,4331,1018
MailUser3326-group207,companyname123,4332,1018
MailUser3327-group207,companyname123,4333,1018
MailUser3328-group208,companyname123,4334,1018
MailUser3329-group208,companyname123,4335,1018
MailUser3330-group208,companyname123,4336,1018
MailUser3331-group208,companyname123,4337,1018
MailUser3332-group208,companyname123,4338,1018
MailUser3333-group208,companyname123,4339,1018
MailUser3334-group208,companyname123,4340,1018
MailUser3335-group208,companyname123,4341,1018
MailUser3336-group208,companyname123,4342,1018
MailUser3337-group208,companyname123,4343,1018
MailUser3338-group208,companyname123,4344,1018
MailUser3339-group208,companyname123,4345,1018
MailUser3340-group208,companyname123,4346,1018
MailUser3341-group208,companyname123,4347,1018
MailUser3342-group208,companyname123,4348,1018
MailUser3343-group208,companyname123,4349,1018
MailUser3344-group209,companyname123,4350,1018
MailUser3345-group209,companyname123,4351,1018
MailUser3346-group209,companyname123,4352,1018
MailUser3347-group209,companyname123,4353,1018
MailUser3348-group209,companyname123,4354,1018
MailUser3349-group209,companyname123,4355,1018
MailUser3350-group209,companyname123,4356,1018
MailUser3351-group209,companyname123,4357,1018
MailUser3352-group209,companyname123,4358,1018
MailUser3353-group209,companyname123,4359,1018
MailUser3354-group209,companyname123,4360,1018
MailUser3355-group209,companyname123,4361,1018
MailUser3356-group209,companyname123,4362,1018
MailUser3357-group209,companyname123,4363,1018
MailUser3358-group209,companyname123,4364,1018
MailUser3359-group209,companyname123,4365,1018
MailUser3360-group210,companyname123,4366,1019
MailUser3361-group210,companyname123,4367,1019
MailUser3362-group210,companyname123,4368,1019
MailUser3363-group210,companyname123,4369,1019
MailUser3364-group210,companyname123,4370,1019
MailUser3365-group210,companyname123,4371,1019
MailUser3366-group210,companyname123,4372,1019
MailUser3367-group210,companyname123,4373,1019
MailUser3368-group210,companyname123,4374,1019
MailUser3369-group210,companyname123,4375,1019
MailUser3370-group210,companyname123,4376,1019
MailUser3371-group210,companyname123,4377,1019
MailUser3372-group210,companyname123,4378,1019
MailUser3373-group210,companyname123,4379,1019
MailUser3374-group210,companyname123,4380,1019
MailUser3375-group210,companyname123,4381,1019
MailUser3376-group211,companyname123,4382,1019
MailUser3377-group211,companyname123,4383,1019
MailUser3378-group211,companyname123,4384,1019
MailUser3379-group211,companyname123,4385,1019
MailUser3380-group211,companyname123,4386,1019
MailUser3381-group211,companyname123,4387,1019
MailUser3382-group211,companyname123,4388,1019
MailUser3383-group211,companyname123,4389,1019
MailUser3384-group211,companyname123,4390,1019
MailUser3385-group211,companyname123,4391,1019
MailUser3386-group211,companyname123,4392,1019
MailUser3387-group211,companyname123,4393,1019
MailUser3388-group211,companyname123,4394,1019
MailUser3389-group211,companyname123,4395,1019
MailUser3390-group211,companyname123,4396,1019
MailUser3391-group211,companyname123,4397,1019
MailUser3392-group212,companyname123,4398,1019
MailUser3393-group212,companyname123,4399,1019
MailUser3394-group212,companyname123,4400,1019
MailUser3395-group212,companyname123,4401,1019
MailUser3396-group212,companyname123,4402,1019
MailUser3397-group212,companyname123,4403,1019
MailUser3398-group212,companyname123,4404,1019
MailUser3399-group212,companyname123,4405,1019
MailUser3400-group212,companyname123,4406,1019
MailUser3401-group212,companyname123,4407,1019
MailUser3402-group212,companyname123,4408,1019
MailUser3403-group212,companyname123,4409,1019
MailUser3404-group212,companyname123,4410,1019
MailUser3405-group212,companyname123,4411,1019
MailUser3406-group212,companyname123,4412,1019
MailUser3407-group212,companyname123,4413,1019
MailUser3408-group213,companyname123,4414,1019
MailUser3409-group213,companyname123,4415,1019
MailUser3410-group213,companyname123,4416,1019
MailUser3411-group213,companyname123,4417,1019
MailUser3412-group213,companyname123,4418,1019
MailUser3413-group213,companyname123,4419,1019
MailUser3414-group213,companyname123,4420,1019
MailUser3415-group213,companyname123,4421,1019
MailUser3416-group213,companyname123,4422,1019
MailUser3417-group213,companyname123,4423,1019
MailUser3418-group213,companyname123,4424,1019
MailUser3419-group213,companyname123,4425,1019
MailUser3420-group213,companyname123,4426,1019
MailUser3421-group213,companyname123,4427,1019
MailUser3422-group213,companyname123,4428,1019
MailUser3423-group213,companyname123,4429,1019
MailUser3424-group214,companyname123,4430,1019
MailUser3425-group214,companyname123,4431,1019
MailUser3426-group214,companyname123,4432,1019
MailUser3427-group214,companyname123,4433,1019
MailUser3428-group214,companyname123,4434,1019
MailUser3429-group214,companyname123,4435,1019
MailUser3430-group214,companyname123,4436,1019
MailUser3431-group214,companyname123,4437,1019
MailUser3432-group214,companyname123,4438,1019
MailUser3433-group214,companyname123,4439,1019
MailUser3434-group214,companyname123,4440,1019
MailUser3435-group214,companyname123,4441,1019
MailUser3436-group214,companyname123,4442,1019
MailUser3437-group214,companyname123,4443,1019
MailUser3438-group214,companyname123,4444,1019
MailUser3439-group214,companyname123,4445,1019
MailUser3440-group215,companyname123,4446,1020
MailUser3441-group215,companyname123,4447,1020
MailUser3442-group215,companyname123,4448,1020
MailUser3443-group215,companyname123,4449,1020
MailUser3444-group215,companyname123,4450,1020
MailUser3445-group215,companyname123,4451,1020
MailUser3446-group215,companyname123,4452,1020
MailUser3447-group215,companyname123,4453,1020
MailUser3448-group215,companyname123,4454,1020
MailUser3449-group215,companyname123,4455,1020
MailUser3450-group215,companyname123,4456,1020
MailUser3451-group215,companyname123,4457,1020
MailUser3452-group215,companyname123,4458,1020
MailUser3453-group215,companyname123,4459,1020
MailUser3454-group215,companyname123,4460,1020
MailUser3455-group215,companyname123,4461,1020
MailUser3456-group216,companyname123,4462,1020
MailUser3457-group216,companyname123,4463,1020
MailUser3458-group216,companyname123,4464,1020
MailUser3459-group216,companyname123,4465,1020
MailUser3460-group216,companyname123,4466,1020
MailUser3461-group216,companyname123,4467,1020
MailUser3462-group216,companyname123,4468,1020
MailUser3463-group216,companyname123,4469,1020
MailUser3464-group216,companyname123,4470,1020
MailUser3465-group216,companyname123,4471,1020
MailUser3466-group216,companyname123,4472,1020
MailUser3467-group216,companyname123,4473,1020
MailUser3468-group216,companyname123,4474,1020
MailUser3469-group216,companyname123,4475,1020
MailUser3470-group216,companyname123,4476,1020
MailUser3471-group216,companyname123,4477,1020
MailUser3472-group217,companyname123,4478,1020
MailUser3473-group217,companyname123,4479,1020
MailUser3474-group217,companyname123,4480,1020
MailUser3475-group217,companyname123,4481,1020
MailUser3476-group217,companyname123,4482,1020
MailUser3477-group217,companyname123,4483,1020
MailUser3478-group217,companyname123,4484,1020
MailUser3479-group217,companyname123,4485,1020
MailUser3480-group217,companyname123,4486,1020
MailUser3481-group217,companyname123,4487,1020
MailUser3482-group217,companyname123,4488,1020
MailUser3483-group217,companyname123,4489,1020
MailUser3484-group217,companyname123,4490,1020
MailUser3485-group217,companyname123,4491,1020
MailUser3486-group217,companyname123,4492,1020
MailUser3487-group217,companyname123,4493,1020
MailUser3488-group218,companyname123,4494,1020
MailUser3489-group218,companyname123,4495,1020
MailUser3490-group218,companyname123,4496,1020
MailUser3491-group218,companyname123,4497,1020
MailUser3492-group218,companyname123,4498,1020
MailUser3493-group218,companyname123,4499,1020
MailUser3494-group218,companyname123,4500,1020
MailUser3495-group218,companyname123,4501,1020
MailUser3496-group218,companyname123,4502,1020
MailUser3497-group218,companyname123,4503,1020
MailUser3498-group218,companyname123,4504,1020
MailUser3499-group218,companyname123,4505,1020
MailUser3500-group218,companyname123,4506,1020
MailUser3501-group218,companyname123,4507,1020
MailUser3502-group218,companyname123,4508,1020
MailUser3503-group218,companyname123,4509,1020
MailUser3504-group219,companyname123,4510,1020
MailUser3505-group219,companyname123,4511,1020
MailUser3506-group219,companyname123,4512,1020
MailUser3507-group219,companyname123,4513,1020
MailUser3508-group219,companyname123,4514,1020
MailUser3509-group219,companyname123,4515,1020
MailUser3510-group219,companyname123,4516,1020
MailUser3511-group219,companyname123,4517,1020
MailUser3512-group219,companyname123,4518,1020
MailUser3513-group219,companyname123,4519,1020
MailUser3514-group219,companyname123,4520,1020
MailUser3515-group219,companyname123,4521,1020
MailUser3516-group219,companyname123,4522,1020
MailUser3517-group219,companyname123,4523,1020
MailUser3518-group219,companyname123,4524,1020
MailUser3519-group219,companyname123,4525,1020
MailUser3520-group220,companyname123,4526,1021
MailUser3521-group220,companyname123,4527,1021
MailUser3522-group220,companyname123,4528,1021
MailUser3523-group220,companyname123,4529,1021
MailUser3524-group220,companyname123,4530,1021
MailUser3525-group220,companyname123,4531,1021
MailUser3526-group220,companyname123,4532,1021
MailUser3527-group220,companyname123,4533,1021
MailUser3528-group220,companyname123,4534,1021
MailUser3529-group220,companyname123,4535,1021
MailUser3530-group220,companyname123,4536,1021
MailUser3531-group220,companyname123,4537,1021
MailUser3532-group220,companyname123,4538,1021
MailUser3533-group220,companyname123,4539,1021
MailUser3534-group220,companyname123,4540,1021
MailUser3535-group220,companyname123,4541,1021
MailUser3536-group221,companyname123,4542,1021
MailUser3537-group221,companyname123,4543,1021
MailUser3538-group221,companyname123,4544,1021
MailUser3539-group221,companyname123,4545,1021
MailUser3540-group221,companyname123,4546,1021
MailUser3541-group221,companyname123,4547,1021
MailUser3542-group221,companyname123,4548,1021
MailUser3543-group221,companyname123,4549,1021
MailUser3544-group221,companyname123,4550,1021
MailUser3545-group221,companyname123,4551,1021
MailUser3546-group221,companyname123,4552,1021
MailUser3547-group221,companyname123,4553,1021
MailUser3548-group221,companyname123,4554,1021
MailUser3549-group221,companyname123,4555,1021
MailUser3550-group221,companyname123,4556,1021
MailUser3551-group221,companyname123,4557,1021
MailUser3552-group222,companyname123,4558,1021
MailUser3553-group222,companyname123,4559,1021
MailUser3554-group222,companyname123,4560,1021
MailUser3555-group222,companyname123,4561,1021
MailUser3556-group222,companyname123,4562,1021
MailUser3557-group222,companyname123,4563,1021
MailUser3558-group222,companyname123,4564,1021
MailUser3559-group222,companyname123,4565,1021
MailUser3560-group222,companyname123,4566,1021
MailUser3561-group222,companyname123,4567,1021
MailUser3562-group222,companyname123,4568,1021
MailUser3563-group222,companyname123,4569,1021
MailUser3564-group222,companyname123,4570,1021
MailUser3565-group222,companyname123,4571,1021
MailUser3566-group222,companyname123,4572,1021
MailUser3567-group222,companyname123,4573,1021
MailUser3568-group223,companyname123,4574,1021
MailUser3569-group223,companyname123,4575,1021
MailUser3570-group223,companyname123,4576,1021
MailUser3571-group223,companyname123,4577,1021
MailUser3572-group223,companyname123,4578,1021
MailUser3573-group223,companyname123,4579,1021
MailUser3574-group223,companyname123,4580,1021
MailUser3575-group223,companyname123,4581,1021
MailUser3576-group223,companyname123,4582,1021
MailUser3577-group223,companyname123,4583,1021
MailUser3578-group223,companyname123,4584,1021
MailUser3579-group223,companyname123,4585,1021
MailUser3580-group223,companyname123,4586,1021
MailUser3581-group223,companyname123,4587,1021
MailUser3582-group223,companyname123,4588,1021
MailUser3583-group223,companyname123,4589,1021
MailUser3584-group224,companyname123,4590,1021
MailUser3585-group224,companyname123,4591,1021
MailUser3586-group224,companyname123,4592,1021
MailUser3587-group224,companyname123,4593,1021
MailUser3588-group224,companyname123,4594,1021
MailUser3589-group224,companyname123,4595,1021
MailUser3590-group224,companyname123,4596,1021
MailUser3591-group224,companyname123,4597,1021
MailUser3592-group224,companyname123,4598,1021
MailUser3593-group224,companyname123,4599,1021
MailUser3594-group224,companyname123,4600,1021
MailUser3595-group224,companyname123,4601,1021
MailUser3596-group224,companyname123,4602,1021
MailUser3597-group224,companyname123,4603,1021
MailUser3598-group224,companyname123,4604,1021
MailUser3599-group224,companyname123,4605,1021
MailUser3600-group225,companyname123,4606,1022
MailUser3601-group225,companyname123,4607,1022
MailUser3602-group225,companyname123,4608,1022
MailUser3603-group225,companyname123,4609,1022
MailUser3604-group225,companyname123,4610,1022
MailUser3605-group225,companyname123,4611,1022
MailUser3606-group225,companyname123,4612,1022
MailUser3607-group225,companyname123,4613,1022
MailUser3608-group225,companyname123,4614,1022
MailUser3609-group225,companyname123,4615,1022
MailUser3610-group225,companyname123,4616,1022
MailUser3611-group225,companyname123,4617,1022
MailUser3612-group225,companyname123,4618,1022
MailUser3613-group225,companyname123,4619,1022
MailUser3614-group225,companyname123,4620,1022
MailUser3615-group225,companyname123,4621,1022
MailUser3616-group226,companyname123,4622,1022
MailUser3617-group226,companyname123,4623,1022
MailUser3618-group226,companyname123,4624,1022
MailUser3619-group226,companyname123,4625,1022
MailUser3620-group226,companyname123,4626,1022
MailUser3621-group226,companyname123,4627,1022
MailUser3622-group226,companyname123,4628,1022
MailUser3623-group226,companyname123,4629,1022
MailUser3624-group226,companyname123,4630,1022
MailUser3625-group226,companyname123,4631,1022
MailUser3626-group226,companyname123,4632,1022
MailUser3627-group226,companyname123,4633,1022
MailUser3628-group226,companyname123,4634,1022
MailUser3629-group226,companyname123,4635,1022
MailUser3630-group226,companyname123,4636,1022
MailUser3631-group226,companyname123,4637,1022
MailUser3632-group227,companyname123,4638,1022
MailUser3633-group227,companyname123,4639,1022
MailUser3634-group227,companyname123,4640,1022
MailUser3635-group227,companyname123,4641,1022
MailUser3636-group227,companyname123,4642,1022
MailUser3637-group227,companyname123,4643,1022
MailUser3638-group227,companyname123,4644,1022
MailUser3639-group227,companyname123,4645,1022
MailUser3640-group227,companyname123,4646,1022
MailUser3641-group227,companyname123,4647,1022
MailUser3642-group227,companyname123,4648,1022
MailUser3643-group227,companyname123,4649,1022
MailUser3644-group227,companyname123,4650,1022
MailUser3645-group227,companyname123,4651,1022
MailUser3646-group227,companyname123,4652,1022
MailUser3647-group227,companyname123,4653,1022
MailUser3648-group228,companyname123,4654,1022
MailUser3649-group228,companyname123,4655,1022
MailUser3650-group228,companyname123,4656,1022
MailUser3651-group228,companyname123,4657,1022
MailUser3652-group228,companyname123,4658,1022
MailUser3653-group228,companyname123,4659,1022
MailUser3654-group228,companyname123,4660,1022
MailUser3655-group228,companyname123,4661,1022
MailUser3656-group228,companyname123,4662,1022
MailUser3657-group228,companyname123,4663,1022
MailUser3658-group228,companyname123,4664,1022
MailUser3659-group228,companyname123,4665,1022
MailUser3660-group228,companyname123,4666,1022
MailUser3661-group228,companyname123,4667,1022
MailUser3662-group228,companyname123,4668,1022
MailUser3663-group228,companyname123,4669,1022
MailUser3664-group229,companyname123,4670,1022
MailUser3665-group229,companyname123,4671,1022
MailUser3666-group229,companyname123,4672,1022
MailUser3667-group229,companyname123,4673,1022
MailUser3668-group229,companyname123,4674,1022
MailUser3669-group229,companyname123,4675,1022
MailUser3670-group229,companyname123,4676,1022
MailUser3671-group229,companyname123,4677,1022
MailUser3672-group229,companyname123,4678,1022
MailUser3673-group229,companyname123,4679,1022
MailUser3674-group229,companyname123,4680,1022
MailUser3675-group229,companyname123,4681,1022
MailUser3676-group229,companyname123,4682,1022
MailUser3677-group229,companyname123,4683,1022
MailUser3678-group229,companyname123,4684,1022
MailUser3679-group229,companyname123,4685,1022
MailUser3680-group230,companyname123,4686,1023
MailUser3681-group230,companyname123,4687,1023
MailUser3682-group230,companyname123,4688,1023
MailUser3683-group230,companyname123,4689,1023
MailUser3684-group230,companyname123,4690,1023
MailUser3685-group230,companyname123,4691,1023
MailUser3686-group230,companyname123,4692,1023
MailUser3687-group230,companyname123,4693,1023
MailUser3688-group230,companyname123,4694,1023
MailUser3689-group230,companyname123,4695,1023
MailUser3690-group230,companyname123,4696,1023
MailUser3691-group230,companyname123,4697,1023
MailUser3692-group230,companyname123,4698,1023
MailUser3693-group230,companyname123,4699,1023
MailUser3694-group230,companyname123,4700,1023
MailUser3695-group230,companyname123,4701,1023
MailUser3696-group231,companyname123,4702,1023
MailUser3697-group231,companyname123,4703,1023
MailUser3698-group231,companyname123,4704,1023
MailUser3699-group231,companyname123,4705,1023
MailUser3700-group231,companyname123,4706,1023
MailUser3701-group231,companyname123,4707,1023
MailUser3702-group231,companyname123,4708,1023
MailUser3703-group231,companyname123,4709,1023
MailUser3704-group231,companyname123,4710,1023
MailUser3705-group231,companyname123,4711,1023
MailUser3706-group231,companyname123,4712,1023
MailUser3707-group231,companyname123,4713,1023
MailUser3708-group231,companyname123,4714,1023
MailUser3709-group231,companyname123,4715,1023
MailUser3710-group231,companyname123,4716,1023
MailUser3711-group231,companyname123,4717,1023
MailUser3712-group232,companyname123,4718,1023
MailUser3713-group232,companyname123,4719,1023
MailUser3714-group232,companyname123,4720,1023
MailUser3715-group232,companyname123,4721,1023
MailUser3716-group232,companyname123,4722,1023
MailUser3717-group232,companyname123,4723,1023
MailUser3718-group232,companyname123,4724,1023
MailUser3719-group232,companyname123,4725,1023
MailUser3720-group232,companyname123,4726,1023
MailUser3721-group232,companyname123,4727,1023
MailUser3722-group232,companyname123,4728,1023
MailUser3723-group232,companyname123,4729,1023
MailUser3724-group232,companyname123,4730,1023
MailUser3725-group232,companyname123,4731,1023
MailUser3726-group232,companyname123,4732,1023
MailUser3727-group232,companyname123,4733,1023
MailUser3728-group233,companyname123,4734,1023
MailUser3729-group233,companyname123,4735,1023
MailUser3730-group233,companyname123,4736,1023
MailUser3731-group233,companyname123,4737,1023
MailUser3732-group233,companyname123,4738,1023
MailUser3733-group233,companyname123,4739,1023
MailUser3734-group233,companyname123,4740,1023
MailUser3735-group233,companyname123,4741,1023
MailUser3736-group233,companyname123,4742,1023
MailUser3737-group233,companyname123,4743,1023
MailUser3738-group233,companyname123,4744,1023
MailUser3739-group233,companyname123,4745,1023
MailUser3740-group233,companyname123,4746,1023
MailUser3741-group233,companyname123,4747,1023
MailUser3742-group233,companyname123,4748,1023
MailUser3743-group233,companyname123,4749,1023
MailUser3744-group234,companyname123,4750,1023
MailUser3745-group234,companyname123,4751,1023
MailUser3746-group234,companyname123,4752,1023
MailUser3747-group234,companyname123,4753,1023
MailUser3748-group234,companyname123,4754,1023
MailUser3749-group234,companyname123,4755,1023
MailUser3750-group234,companyname123,4756,1023
MailUser3751-group234,companyname123,4757,1023
MailUser3752-group234,companyname123,4758,1023
MailUser3753-group234,companyname123,4759,1023
MailUser3754-group234,companyname123,4760,1023
MailUser3755-group234,companyname123,4761,1023
MailUser3756-group234,companyname123,4762,1023
MailUser3757-group234,companyname123,4763,1023
MailUser3758-group234,companyname123,4764,1023
MailUser3759-group234,companyname123,4765,1023
MailUser3760-group235,companyname123,4766,1024
MailUser3761-group235,companyname123,4767,1024
MailUser3762-group235,companyname123,4768,1024
MailUser3763-group235,companyname123,4769,1024
MailUser3764-group235,companyname123,4770,1024
MailUser3765-group235,companyname123,4771,1024
MailUser3766-group235,companyname123,4772,1024
MailUser3767-group235,companyname123,4773,1024
MailUser3768-group235,companyname123,4774,1024
MailUser3769-group235,companyname123,4775,1024
MailUser3770-group235,companyname123,4776,1024
MailUser3771-group235,companyname123,4777,1024
MailUser3772-group235,companyname123,4778,1024
MailUser3773-group235,companyname123,4779,1024
MailUser3774-group235,companyname123,4780,1024
MailUser3775-group235,companyname123,4781,1024
MailUser3776-group236,companyname123,4782,1024
MailUser3777-group236,companyname123,4783,1024
MailUser3778-group236,companyname123,4784,1024
MailUser3779-group236,companyname123,4785,1024
MailUser3780-group236,companyname123,4786,1024
MailUser3781-group236,companyname123,4787,1024
MailUser3782-group236,companyname123,4788,1024
MailUser3783-group236,companyname123,4789,1024
MailUser3784-group236,companyname123,4790,1024
MailUser3785-group236,companyname123,4791,1024
MailUser3786-group236,companyname123,4792,1024
MailUser3787-group236,companyname123,4793,1024
MailUser3788-group236,companyname123,4794,1024
MailUser3789-group236,companyname123,4795,1024
MailUser3790-group236,companyname123,4796,1024
MailUser3791-group236,companyname123,4797,1024
MailUser3792-group237,companyname123,4798,1024
MailUser3793-group237,companyname123,4799,1024
MailUser3794-group237,companyname123,4800,1024
MailUser3795-group237,companyname123,4801,1024
MailUser3796-group237,companyname123,4802,1024
MailUser3797-group237,companyname123,4803,1024
MailUser3798-group237,companyname123,4804,1024
MailUser3799-group237,companyname123,4805,1024
MailUser3800-group237,companyname123,4806,1024
MailUser3801-group237,companyname123,4807,1024
MailUser3802-group237,companyname123,4808,1024
MailUser3803-group237,companyname123,4809,1024
MailUser3804-group237,companyname123,4810,1024
MailUser3805-group237,companyname123,4811,1024
MailUser3806-group237,companyname123,4812,1024
MailUser3807-group237,companyname123,4813,1024
MailUser3808-group238,companyname123,4814,1024
MailUser3809-group238,companyname123,4815,1024
MailUser3810-group238,companyname123,4816,1024
MailUser3811-group238,companyname123,4817,1024
MailUser3812-group238,companyname123,4818,1024
MailUser3813-group238,companyname123,4819,1024
MailUser3814-group238,companyname123,4820,1024
MailUser3815-group238,companyname123,4821,1024
MailUser3816-group238,companyname123,4822,1024
MailUser3817-group238,companyname123,4823,1024
MailUser3818-group238,companyname123,4824,1024
MailUser3819-group238,companyname123,4825,1024
MailUser3820-group238,companyname123,4826,1024
MailUser3821-group238,companyname123,4827,1024
MailUser3822-group238,companyname123,4828,1024
MailUser3823-group238,companyname123,4829,1024
MailUser3824-group239,companyname123,4830,1024
MailUser3825-group239,companyname123,4831,1024
MailUser3826-group239,companyname123,4832,1024
MailUser3827-group239,companyname123,4833,1024
MailUser3828-group239,companyname123,4834,1024
MailUser3829-group239,companyname123,4835,1024
MailUser3830-group239,companyname123,4836,1024
MailUser3831-group239,companyname123,4837,1024
MailUser3832-group239,companyname123,4838,1024
MailUser3833-group239,companyname123,4839,1024
MailUser3834-group239,companyname123,4840,1024
MailUser3835-group239,companyname123,4841,1024
MailUser3836-group239,companyname123,4842,1024
MailUser3837-group239,companyname123,4843,1024
MailUser3838-group239,companyname123,4844,1024
MailUser3839-group239,companyname123,4845,1024
MailUser3840-group240,companyname123,4846,1025
MailUser3841-group240,companyname123,4847,1025
MailUser3842-group240,companyname123,4848,1025
MailUser3843-group240,companyname123,4849,1025
MailUser3844-group240,companyname123,4850,1025
MailUser3845-group240,companyname123,4851,1025
MailUser3846-group240,companyname123,4852,1025
MailUser3847-group240,companyname123,4853,1025
MailUser3848-group240,companyname123,4854,1025
MailUser3849-group240,companyname123,4855,1025
MailUser3850-group240,companyname123,4856,1025
MailUser3851-group240,companyname123,4857,1025
MailUser3852-group240,companyname123,4858,1025
MailUser3853-group240,companyname123,4859,1025
MailUser3854-group240,companyname123,4860,1025
MailUser3855-group240,companyname123,4861,1025
MailUser3856-group241,companyname123,4862,1025
MailUser3857-group241,companyname123,4863,1025
MailUser3858-group241,companyname123,4864,1025
MailUser3859-group241,companyname123,4865,1025
MailUser3860-group241,companyname123,4866,1025
MailUser3861-group241,companyname123,4867,1025
MailUser3862-group241,companyname123,4868,1025
MailUser3863-group241,companyname123,4869,1025
MailUser3864-group241,companyname123,4870,1025
MailUser3865-group241,companyname123,4871,1025
MailUser3866-group241,companyname123,4872,1025
MailUser3867-group241,companyname123,4873,1025
MailUser3868-group241,companyname123,4874,1025
MailUser3869-group241,companyname123,4875,1025
MailUser3870-group241,companyname123,4876,1025
MailUser3871-group241,companyname123,4877,1025
MailUser3872-group242,companyname123,4878,1025
MailUser3873-group242,companyname123,4879,1025
MailUser3874-group242,companyname123,4880,1025
MailUser3875-group242,companyname123,4881,1025
MailUser3876-group242,companyname123,4882,1025
MailUser3877-group242,companyname123,4883,1025
MailUser3878-group242,companyname123,4884,1025
MailUser3879-group242,companyname123,4885,1025
MailUser3880-group242,companyname123,4886,1025
MailUser3881-group242,companyname123,4887,1025
MailUser3882-group242,companyname123,4888,1025
MailUser3883-group242,companyname123,4889,1025
MailUser3884-group242,companyname123,4890,1025
MailUser3885-group242,companyname123,4891,1025
MailUser3886-group242,companyname123,4892,1025
MailUser3887-group242,companyname123,4893,1025
MailUser3888-group243,companyname123,4894,1025
MailUser3889-group243,companyname123,4895,1025
MailUser3890-group243,companyname123,4896,1025
MailUser3891-group243,companyname123,4897,1025
MailUser3892-group243,companyname123,4898,1025
MailUser3893-group243,companyname123,4899,1025
MailUser3894-group243,companyname123,4900,1025
MailUser3895-group243,companyname123,4901,1025
MailUser3896-group243,companyname123,4902,1025
MailUser3897-group243,companyname123,4903,1025
MailUser3898-group243,companyname123,4904,1025
MailUser3899-group243,companyname123,4905,1025
MailUser3900-group243,companyname123,4906,1025
MailUser3901-group243,companyname123,4907,1025
MailUser3902-group243,companyname123,4908,1025
MailUser3903-group243,companyname123,4909,1025
MailUser3904-group244,companyname123,4910,1025
MailUser3905-group244,companyname123,4911,1025
MailUser3906-group244,companyname123,4912,1025
MailUser3907-group244,companyname123,4913,1025
MailUser3908-group244,companyname123,4914,1025
MailUser3909-group244,companyname123,4915,1025
MailUser3910-group244,companyname123,4916,1025
MailUser3911-group244,companyname123,4917,1025
MailUser3912-group244,companyname123,4918,1025
MailUser3913-group244,companyname123,4919,1025
MailUser3914-group244,companyname123,4920,1025
MailUser3915-group244,companyname123,4921,1025
MailUser3916-group244,companyname123,4922,1025
MailUser3917-group244,companyname123,4923,1025
MailUser3918-group244,companyname123,4924,1025
MailUser3919-group244,companyname123,4925,1025
MailUser3920-group245,companyname123,4926,1026
MailUser3921-group245,companyname123,4927,1026
MailUser3922-group245,companyname123,4928,1026
MailUser3923-group245,companyname123,4929,1026
MailUser3924-group245,companyname123,4930,1026
MailUser3925-group245,companyname123,4931,1026
MailUser3926-group245,companyname123,4932,1026
MailUser3927-group245,companyname123,4933,1026
MailUser3928-group245,companyname123,4934,1026
MailUser3929-group245,companyname123,4935,1026
MailUser3930-group245,companyname123,4936,1026
MailUser3931-group245,companyname123,4937,1026
MailUser3932-group245,companyname123,4938,1026
MailUser3933-group245,companyname123,4939,1026
MailUser3934-group245,companyname123,4940,1026
MailUser3935-group245,companyname123,4941,1026
MailUser3936-group246,companyname123,4942,1026
MailUser3937-group246,companyname123,4943,1026
MailUser3938-group246,companyname123,4944,1026
MailUser3939-group246,companyname123,4945,1026
MailUser3940-group246,companyname123,4946,1026
MailUser3941-group246,companyname123,4947,1026
MailUser3942-group246,companyname123,4948,1026
MailUser3943-group246,companyname123,4949,1026
MailUser3944-group246,companyname123,4950,1026
MailUser3945-group246,companyname123,4951,1026
MailUser3946-group246,companyname123,4952,1026
MailUser3947-group246,companyname123,4953,1026
MailUser3948-group246,companyname123,4954,1026
MailUser3949-group246,companyname123,4955,1026
MailUser3950-group246,companyname123,4956,1026
MailUser3951-group246,companyname123,4957,1026
MailUser3952-group247,companyname123,4958,1026
MailUser3953-group247,companyname123,4959,1026
MailUser3954-group247,companyname123,4960,1026
MailUser3955-group247,companyname123,4961,1026
MailUser3956-group247,companyname123,4962,1026
MailUser3957-group247,companyname123,4963,1026
MailUser3958-group247,companyname123,4964,1026
MailUser3959-group247,companyname123,4965,1026
MailUser3960-group247,companyname123,4966,1026
MailUser3961-group247,companyname123,4967,1026
MailUser3962-group247,companyname123,4968,1026
MailUser3963-group247,companyname123,4969,1026
MailUser3964-group247,companyname123,4970,1026
MailUser3965-group247,companyname123,4971,1026
MailUser3966-group247,companyname123,4972,1026
MailUser3967-group247,companyname123,4973,1026
MailUser3968-group248,companyname123,4974,1026
MailUser3969-group248,companyname123,4975,1026
MailUser3970-group248,companyname123,4976,1026
MailUser3971-group248,companyname123,4977,1026
MailUser3972-group248,companyname123,4978,1026
MailUser3973-group248,companyname123,4979,1026
MailUser3974-group248,companyname123,4980,1026
MailUser3975-group248,companyname123,4981,1026
MailUser3976-group248,companyname123,4982,1026
MailUser3977-group248,companyname123,4983,1026
MailUser3978-group248,companyname123,4984,1026
MailUser3979-group248,companyname123,4985,1026
MailUser3980-group248,companyname123,4986,1026
MailUser3981-group248,companyname123,4987,1026
MailUser3982-group248,companyname123,4988,1026
MailUser3983-group248,companyname123,4989,1026
MailUser3984-group249,companyname123,4990,1026
MailUser3985-group249,companyname123,4991,1026
MailUser3986-group249,companyname123,4992,1026
MailUser3987-group249,companyname123,4993,1026
MailUser3988-group249,companyname123,4994,1026
MailUser3989-group249,companyname123,4995,1026
MailUser3990-group249,companyname123,4996,1026
MailUser3991-group249,companyname123,4997,1026
MailUser3992-group249,companyname123,4998,1026
MailUser3993-group249,companyname123,4999,1026
MailUser3994-group249,companyname123,5000,1026
MailUser3995-group249,companyname123,5001,1026
MailUser3996-group249,companyname123,5002,1026
MailUser3997-group249,companyname123,5003,1026
MailUser3998-group249,companyname123,5004,1026
MailUser3999-group249,companyname123,5005,1026